Dates,Volume,Change,Direction
Fri 22 Jan '99,2.71 B,,UP
Mon 25 Jan '99,510.48 M,+0.0043 (+10.47%),UP
Tue 26 Jan '99,343.2 M,-0.0035 (-7.76%),UP
Wed 27 Jan '99,244.37 M,-0.0001 (-0.31%),UP
Thu 28 Jan '99,227.52 M,-0.0001 (-0.31%),UP
Fri 29 Jan '99,244.03 M,-0.0020 (-4.70%),UP
Mon 01 Feb '99,154.7 M,+0.0008 (+1.97%),UP
Tue 02 Feb '99,264.09 M,-0.0031 (-7.74%),UP
Wed 03 Feb '99,75.12 M,+0.0008 (+2.10%),UP
Thu 04 Feb '99,181.92 M,+0.0021 (+5.48%),UP
Fri 05 Feb '99,136.85 M,+0.0012 (+2.92%),UP
Mon 08 Feb '99,154.08 M,-0.0014 (-3.47%),UP
Tue 09 Feb '99,86.98 M,-0.0016 (-3.92%),UP
Wed 10 Feb '99,148.22 M,-0.0004 (-1.02%),UP
Thu 11 Feb '99,132.24 M,+0.0033 (+8.59%),UP
Fri 12 Feb '99,109.73 M,+0.0023 (+5.70%),UP
Tue 16 Feb '99,211.01 M,+0.0003 (+0.60%),UP
Wed 17 Feb '99,67.73 M,-0.0023 (-5.36%),UP
Thu 18 Feb '99,70.7 M,+0.0007 (+1.57%),UP
Tue 23 Feb '99,138.1 M,+0.0021 (+4.76%),UP
Wed 24 Feb '99,612.76 M,+0.0036 (+7.95%),UP
Tue 23 Mar '99,163.97 M,-0.0026 (-6.14%),DOWN
Wed 24 Mar '99,60.86 M,-0.0003 (-0.65%),DOWN
Fri 23 Apr '99,126.05 M,-0.0018 (-4.83%),DOWN
Mon 26 Apr '99,123.5 M,-0.0018 (-5.07%),DOWN
Tue 18 May '99,151.54 M,+0.0018 (+4.64%),UP
Wed 30 Jun '99,269.23 M,+0.0033 (+8.90%),UP
Fri 02 Jul '99,224.88 M,+0.0027 (+7.24%),UP
Tue 06 Jul '99,198.09 M,+0.0001 (+0.32%),UP
Fri 09 Jul '99,211.73 M,+0.0035 (+8.47%),UP
Mon 12 Jul '99,401.04 M,+0.0020 (+4.57%),UP
Tue 13 Jul '99,138.86 M,+0.0001 (+0.28%),UP
Thu 12 Aug '99,239.61 M,+0.0022 (+4.86%),UP
Fri 13 Aug '99,84.67 M,-0.0005 (-1.09%),UP
Thu 19 Aug '99,1.97 B,+0.0099 (+21.23%),UP
Fri 20 Aug '99,353.09 M,-0.0005 (-0.92%),UP
Mon 20 Sep '99,229.1 M,-0.0018 (-3.59%),DOWN
Tue 21 Sep '99,737.32 M,-0.0047 (-9.57%),DOWN
Wed 22 Sep '99,375.98 M,+0.0010 (+2.35%),DOWN
Thu 23 Sep '99,379.58 M,-0.0038 (-8.33%),DOWN
Fri 24 Sep '99,684.91 M,-0.0038 (-9.09%),DOWN
Tue 02 Nov '99,837.5 M,+0.0031 (+6.38%),UP
Wed 03 Nov '99,2.01 B,+0.0051 (+9.75%),UP
Thu 04 Nov '99,1.26 B,+0.0036 (+6.38%),UP
Fri 05 Nov '99,616.36 M,-0.0020 (-3.21%),UP
Fri 19 Nov '99,2.16 B,+0.0147 (+19.72%),UP
Mon 22 Nov '99,554.93 M,-0.0001 (-0.15%),UP
Tue 21 Dec '99,388.37 M,+0.0036 (+4.29%),UP
Wed 22 Dec '99,251.18 M,+0.0021 (+2.35%),UP
Thu 23 Dec '99,280.22 M,+0.0060 (+6.61%),UP
Thu 27 Jan '00,458.21 M,-0.0044 (-5.23%),DOWN
Fri 28 Jan '00,194.45 M,-0.0023 (-2.92%),DOWN
Mon 31 Jan '00,182.4 M,-0.0007 (-0.84%),DOWN
Thu 10 Feb '00,970.32 M,+0.0174 (+20.49%),UP
Fri 11 Feb '00,423.79 M,+0.0016 (+1.52%),UP
Mon 14 Feb '00,650.11 M,+0.0167 (+16.00%),UP
Tue 15 Feb '00,450.48 M,-0.0047 (-3.88%),UP
Wed 16 Feb '00,1.02 B,+0.0053 (+4.60%),UP
Thu 17 Feb '00,535.77 M,+0.0043 (+3.54%),UP
Fri 18 Feb '00,960.86 M,+0.0146 (+11.59%),UP
Tue 07 Mar '00,1.95 B,+0.0517 (+42.41%),UP
Wed 08 Mar '00,668.73 M,+0.0014 (+0.83%),UP
Thu 09 Mar '00,953.9 M,+0.0340 (+19.40%),UP
Fri 10 Mar '00,2.16 B,+0.0369 (+17.65%),UP
Mon 13 Mar '00,2.42 B,+0.0651 (+26.48%),UP
Wed 17 May '00,1.29 B,+0.0344 (+17.55%),UP
Mon 22 May '00,517.15 M,+0.0138 (+6.49%),UP
Fri 02 Jun '00,592.27 M,+0.0297 (+12.15%),UP
Mon 05 Jun '00,491.9 M,+0.0059 (+2.15%),UP
Fri 16 Jun '00,987.93 M,+0.0409 (+15.08%),UP
Mon 19 Jun '00,1.05 B,+0.0195 (+6.26%),UP
Tue 20 Jun '00,610.27 M,-0.0044 (-1.34%),UP
Wed 21 Jun '00,614.88 M,+0.0332 (+10.15%),UP
Fri 18 Aug '00,204.72 M,+0.0109 (+3.53%),UP
Thu 28 Sep '00,333.81 M,+0.0104 (+3.06%),UP
Mon 06 Nov '00,635.04 M,+0.0229 (+7.72%),UP
Thu 30 Nov '00,981.72 M,-0.0323 (-16.06%),DOWN
Thu 21 Dec '00,846.43 M,-0.0167 (-12.55%),DOWN
Thu 11 Jan '01,447.81 M,+0.0154 (+8.32%),UP
Thu 18 Jan '01,948.48 M,+0.0359 (+19.19%),UP
Fri 16 Feb '01,1.08 B,+0.0128 (+5.43%),UP
Thu 22 Mar '01,1.7 B,+0.0258 (+10.07%),UP
Wed 18 Apr '01,2.3 B,+0.0223 (+7.45%),UP
Thu 19 Apr '01,1.63 B,+0.0277 (+8.59%),UP
Fri 20 Apr '01,1.77 B,+0.0128 (+3.65%),UP
Thu 07 Jun '01,1.14 B,+0.0221 (+5.65%),UP
Thu 05 Jul '01,1.02 B,-0.0271 (-7.25%),DOWN
Fri 06 Jul '01,802.92 M,-0.0107 (-3.07%),DOWN
Mon 09 Jul '01,1.01 B,-0.0110 (-3.27%),DOWN
Tue 10 Jul '01,1.22 B,+0.0027 (+0.82%),DOWN
Mon 16 Jul '01,1.19 B,-0.0271 (-8.04%),DOWN
Mon 23 Jul '01,1.55 B,-0.0295 (-9.47%),DOWN
Thu 02 Aug '01,1.1 B,+0.0085 (+2.38%),UP
Tue 04 Sep '01,1.86 B,-0.0245 (-6.95%),DOWN
Thu 06 Sep '01,1.95 B,-0.0137 (-4.09%),DOWN
Mon 10 Sep '01,1.87 B,-0.0094 (-2.90%),DOWN
Mon 17 Sep '01,1.14 B,-0.0324 (-10.27%),DOWN
Tue 18 Sep '01,894.69 M,-0.0171 (-6.03%),DOWN
Wed 19 Sep '01,1.56 B,-0.0033 (-1.22%),DOWN
Thu 20 Sep '01,1.47 B,-0.0223 (-8.46%),DOWN
Fri 21 Sep '01,1.23 B,-0.0159 (-6.61%),DOWN
Fri 12 Oct '01,1.25 B,+0.0206 (+6.51%),UP
Mon 15 Oct '01,910.27 M,-0.0015 (-0.45%),UP
Tue 16 Oct '01,1.39 B,+0.0338 (+10.06%),UP
Fri 09 Nov '01,2.27 B,+0.0288 (+6.93%),UP
Mon 12 Nov '01,1.46 B,+0.0119 (+2.69%),UP
Tue 04 Dec '01,1.39 B,+0.0361 (+8.05%),UP
Wed 05 Dec '01,1.71 B,+0.0391 (+8.07%),UP
Thu 06 Dec '01,1.14 B,-0.0083 (-1.58%),UP
Thu 03 Jan '02,1.41 B,+0.0368 (+6.55%),UP
Mon 14 Jan '02,1.37 B,-0.0276 (-5.25%),DOWN
Fri 08 Feb '02,1.87 B,-0.0191 (-3.82%),DOWN
Tue 19 Feb '02,1.97 B,-0.0317 (-6.63%),DOWN
Thu 21 Feb '02,1.53 B,-0.0321 (-6.83%),DOWN
Fri 22 Feb '02,2.59 B,-0.0215 (-4.91%),DOWN
Wed 20 Mar '02,2.29 B,-0.0427 (-9.93%),DOWN
Wed 24 Apr '02,1.58 B,-0.0260 (-8.76%),DOWN
Fri 26 Apr '02,1.19 B,-0.0281 (-9.99%),DOWN
Wed 12 Jun '02,2.27 B,-0.0221 (-8.65%),DOWN
Wed 19 Jun '02,2.6 B,-0.0369 (-15.66%),DOWN
Thu 20 Jun '02,1.43 B,-0.0018 (-0.92%),DOWN
Fri 21 Jun '02,1.49 B,-0.0081 (-4.10%),DOWN
Thu 27 Jun '02,3.18 B,-0.0249 (-14.90%),DOWN
Wed 31 Jul '02,4.85 B,-0.0429 (-31.75%),DOWN
Thu 01 Aug '02,1.73 B,-0.0088 (-9.58%),DOWN
Fri 02 Aug '02,1.8 B,-0.0055 (-6.59%),DOWN
Mon 05 Aug '02,1.34 B,-0.0063 (-8.02%),DOWN
Mon 21 Oct '02,933.73 M,+0.0071 (+9.04%),UP
Tue 22 Oct '02,1.27 B,+0.0028 (+3.32%),UP
Wed 23 Oct '02,928.7 M,+0.0036 (+4.06%),UP
Fri 01 Nov '02,2.14 B,+0.0183 (+18.49%),UP
Mon 04 Nov '02,2.69 B,+0.0128 (+10.92%),UP
Tue 05 Nov '02,2.04 B,-0.0052 (-3.96%),UP
Wed 06 Nov '02,1.66 B,+0.0097 (+7.72%),UP
Thu 16 Jan '03,2.05 B,-0.0068 (-6.76%),DOWN
Fri 17 Jan '03,1.06 B,-0.0035 (-3.76%),DOWN
Tue 21 Jan '03,970.49 M,-0.0023 (-2.51%),DOWN
Fri 14 Feb '03,3.57 B,+0.0181 (+21.99%),UP
Tue 18 Feb '03,1.75 B,+0.0058 (+5.73%),UP
Wed 19 Feb '03,1.15 B,+0.0010 (+0.94%),UP
Thu 20 Feb '03,982.61 M,0.0000 (0.00%),UP
Mon 17 Mar '03,1.32 B,+0.0065 (+5.81%),UP
Tue 18 Mar '03,939.61 M,-0.0009 (-0.77%),UP
Wed 23 Apr '03,608.89 M,+0.0027 (+2.26%),UP
Fri 02 May '03,1.7 B,+0.0123 (+10.26%),UP
Mon 05 May '03,1.58 B,+0.0032 (+2.45%),UP
Tue 06 May '03,1.15 B,+0.0002 (+0.12%),UP
Fri 09 May '03,9.28 B,+0.0443 (+33.06%),UP
Mon 12 May '03,3.02 B,-0.0050 (-2.81%),UP
Fri 30 May '03,2.14 B,+0.0163 (+8.10%),UP
Fri 18 Jul '03,1.28 B,-0.0062 (-3.36%),DOWN
Mon 21 Jul '03,986.78 M,-0.0027 (-1.51%),DOWN
Tue 29 Jul '03,2.8 B,-0.0112 (-6.57%),DOWN
Fri 08 Aug '03,3.77 B,-0.0317 (-19.69%),DOWN
Mon 11 Aug '03,1.68 B,+0.0070 (+5.42%),DOWN
Mon 08 Sep '03,1.51 B,+0.0072 (+4.60%),UP
Tue 09 Sep '03,2.49 B,+0.0100 (+6.14%),UP
Fri 26 Sep '03,896.5 M,-0.0056 (-3.82%),DOWN
Mon 29 Sep '03,1.95 B,-0.0076 (-5.40%),DOWN
Tue 30 Sep '03,1.02 B,+0.0002 (+0.13%),DOWN
Tue 28 Oct '03,956.89 M,+0.0090 (+6.28%),UP
Wed 29 Oct '03,494.25 M,0.0000 (0.00%),UP
Fri 07 Nov '03,4.3 B,+0.0298 (+19.70%),UP
Mon 10 Nov '03,1.21 B,-0.0005 (-0.28%),UP
Fri 26 Dec '03,363.95 M,+0.0078 (+4.32%),UP
Mon 29 Dec '03,756.77 M,+0.0080 (+4.22%),UP
Tue 30 Dec '03,551.18 M,+0.0004 (+0.21%),UP
Tue 06 Jan '04,1.11 B,+0.0081 (+4.07%),UP
Thu 29 Jan '04,930.17 M,-0.0055 (-2.92%),DOWN
Thu 25 Mar '04,997.12 M,+0.0112 (+5.81%),UP
Fri 26 Mar '04,551.65 M,-0.0006 (-0.29%),UP
Mon 29 Mar '04,985.76 M,+0.0087 (+4.31%),UP
Tue 30 Mar '04,725.18 M,+0.0063 (+2.99%),UP
Wed 31 Mar '04,604.87 M,+0.0020 (+0.92%),UP
Wed 26 May '04,524.59 M,+0.0038 (+2.04%),UP
Fri 28 May '04,638.13 M,+0.0073 (+3.90%),UP
Tue 01 Jun '04,318.61 M,-0.0002 (-0.09%),UP
Tue 06 Jul '04,575.38 M,-0.0094 (-5.87%),DOWN
Wed 07 Jul '04,344.61 M,+0.0008 (+0.50%),DOWN
Thu 08 Jul '04,430.24 M,-0.0047 (-3.07%),DOWN
Fri 09 Jul '04,1.11 B,-0.0063 (-4.30%),DOWN
Mon 12 Jul '04,676.12 M,-0.0033 (-2.31%),DOWN
Tue 13 Jul '04,567.52 M,-0.0002 (-0.18%),DOWN
Wed 14 Jul '04,901.66 M,-0.0061 (-4.43%),DOWN
Fri 06 Aug '04,5.09 B,-0.0428 (-35.23%),DOWN
Mon 09 Aug '04,1.58 B,+0.0035 (+4.45%),DOWN
Mon 13 Sep '04,966.89 M,+0.0023 (+1.92%),UP
Fri 05 Nov '04,3.85 B,+0.0186 (+14.47%),UP
Mon 08 Nov '04,719.47 M,+0.0016 (+1.08%),UP
Tue 09 Nov '04,616.47 M,-0.0009 (-0.62%),UP
Fri 03 Dec '04,1.35 B,+0.0072 (+4.33%),UP
Mon 06 Dec '04,970.95 M,+0.0082 (+4.78%),UP
Tue 07 Dec '04,2.93 B,+0.0091 (+5.02%),UP
Wed 08 Dec '04,909.43 M,+0.0023 (+1.18%),UP
Fri 07 Jan '05,763.08 M,-0.0036 (-1.91%),DOWN
Tue 11 Jan '05,1.1 B,-0.0057 (-3.08%),DOWN
Wed 12 Jan '05,1.06 B,-0.0015 (-0.84%),DOWN
Wed 02 Feb '05,2.03 B,+0.0108 (+5.57%),UP
Thu 03 Feb '05,698.67 M,-0.0022 (-1.05%),UP
Fri 04 Feb '05,807.23 M,+0.0117 (+5.74%),UP
Tue 05 Apr '05,432.89 M,-0.0034 (-1.75%),DOWN
Wed 13 Apr '05,498.64 M,-0.0081 (-4.17%),DOWN
Fri 15 Apr '05,641.25 M,-0.0064 (-3.48%),DOWN
Mon 18 Apr '05,473.16 M,-0.0013 (-0.70%),DOWN
Mon 09 May '05,772.42 M,+0.0036 (+1.86%),UP
Fri 13 May '05,2.65 B,+0.0212 (+11.15%),UP
Mon 16 May '05,664.22 M,+0.0008 (+0.36%),UP
Tue 17 May '05,639.89 M,+0.0023 (+1.10%),UP
Wed 18 May '05,550.74 M,+0.0016 (+0.74%),UP
Fri 12 Aug '05,2.32 B,+0.0142 (+6.02%),UP
Mon 15 Aug '05,882.8 M,+0.0063 (+2.54%),UP
Thu 08 Sep '05,646.12 M,+0.0031 (+1.18%),UP
Fri 09 Sep '05,457.55 M,+0.0034 (+1.29%),UP
Tue 13 Sep '05,854.83 M,+0.0081 (+3.02%),UP
Mon 03 Oct '05,550.53 M,+0.0078 (+2.74%),UP
Wed 02 Nov '05,625.38 M,+0.0160 (+5.79%),UP
Thu 03 Nov '05,465.06 M,-0.0034 (-1.17%),UP
Thu 17 Nov '05,703.26 M,+0.0128 (+4.44%),UP
Tue 22 Nov '05,731.78 M,+0.0082 (+2.66%),UP
Tue 27 Dec '05,368 M,+0.0019 (+0.61%),UP
Wed 28 Dec '05,264.42 M,+0.0029 (+0.93%),UP
Wed 04 Jan '06,510.07 M,+0.0089 (+2.80%),UP
Thu 05 Jan '06,646.1 M,+0.0074 (+2.27%),UP
Fri 06 Jan '06,623.39 M,+0.0055 (+1.64%),UP
Mon 09 Jan '06,560.49 M,+0.0095 (+2.79%),UP
Tue 10 Jan '06,339.66 M,+0.0001 (+0.02%),UP
Wed 11 Jan '06,626.37 M,+0.0127 (+3.62%),UP
Thu 16 Feb '06,1.34 B,+0.0185 (+4.94%),UP
Fri 17 Feb '06,2.36 B,+0.0022 (+0.57%),UP
Wed 01 Mar '06,704.3 M,+0.0149 (+3.80%),UP
Tue 21 Mar '06,1.24 B,+0.0199 (+4.94%),UP
Fri 24 Mar '06,687.96 M,+0.0142 (+3.38%),UP
Mon 27 Mar '06,651.52 M,+0.0117 (+2.69%),UP
Tue 28 Mar '06,795.78 M,+0.0068 (+1.54%),UP
Wed 29 Mar '06,987.77 M,+0.0243 (+5.37%),UP
Thu 30 Mar '06,1.06 B,+0.0033 (+0.68%),UP
Fri 31 Mar '06,836.16 M,-0.0018 (-0.37%),UP
Tue 04 Apr '06,1.2 B,+0.0226 (+4.68%),UP
Fri 12 May '06,1.57 B,-0.0357 (-7.52%),DOWN
Tue 16 May '06,497.58 M,-0.0117 (-2.62%),DOWN
Wed 17 May '06,841.22 M,-0.0175 (-4.04%),DOWN
Thu 18 May '06,686.72 M,-0.0188 (-4.53%),DOWN
Mon 12 Jun '06,463.43 M,-0.0197 (-5.53%),DOWN
Tue 13 Jun '06,532.61 M,-0.0052 (-1.54%),DOWN
Mon 10 Jul '06,449.95 M,-0.0140 (-4.34%),DOWN
Wed 12 Jul '06,461.03 M,-0.0153 (-4.80%),DOWN
Thu 13 Jul '06,540.58 M,-0.0078 (-2.58%),DOWN
Fri 28 Jul '06,815.51 M,+0.0355 (+10.37%),UP
Wed 02 Aug '06,756.82 M,+0.0272 (+7.67%),UP
Thu 03 Aug '06,891.12 M,+0.0240 (+6.29%),UP
Wed 16 Aug '06,1.03 B,+0.0305 (+7.17%),UP
Mon 18 Sep '06,793.91 M,+0.0187 (+3.79%),UP
Mon 09 Oct '06,932.37 M,+0.0332 (+6.43%),UP
Fri 13 Oct '06,584.3 M,+0.0215 (+3.97%),UP
Tue 31 Oct '06,996.27 M,+0.0350 (+6.41%),UP
Thu 09 Nov '06,1.21 B,+0.0115 (+1.99%),UP
Mon 13 Nov '06,852.6 M,+0.0260 (+4.53%),UP
Tue 14 Nov '06,628.53 M,+0.0060 (+1.00%),UP
Fri 15 Dec '06,748.01 M,+0.0108 (+1.76%),UP
Mon 18 Dec '06,688.61 M,+0.0108 (+1.73%),UP
Tue 19 Dec '06,545.67 M,+0.0092 (+1.44%),UP
Fri 05 Jan '07,1.24 B,-0.0375 (-6.27%),DOWN
Mon 08 Jan '07,657.27 M,+0.0042 (+0.74%),DOWN
Tue 09 Jan '07,764.2 M,-0.0110 (-1.95%),DOWN
Thu 18 Jan '07,1.5 B,-0.0477 (-8.28%),DOWN
Fri 02 Mar '07,682.73 M,-0.0142 (-2.78%),DOWN
Mon 05 Mar '07,663.9 M,-0.0168 (-3.39%),DOWN
Tue 24 Apr '07,1.03 B,+0.0197 (+3.76%),UP
Wed 25 Apr '07,509.64 M,+0.0093 (+1.72%),UP
Thu 26 Apr '07,500.06 M,+0.0068 (+1.24%),UP
Fri 11 May '07,1.53 B,+0.0387 (+7.07%),UP
Tue 05 Jun '07,698.58 M,+0.0173 (+2.97%),UP
Wed 06 Jun '07,950.87 M,+0.0045 (+0.75%),UP
Thu 14 Jun '07,508.6 M,+0.0110 (+1.78%),UP
Fri 15 Jun '07,1.09 B,+0.0287 (+4.55%),UP
Mon 18 Jun '07,685.69 M,+0.0003 (+0.05%),UP
Thu 21 Jun '07,1.3 B,+0.0520 (+7.83%),UP
Fri 22 Jun '07,884.93 M,+0.0107 (+1.49%),UP
Fri 03 Aug '07,623.41 M,-0.0447 (-5.93%),DOWN
Mon 06 Aug '07,524.72 M,+0.0060 (+0.85%),DOWN
Tue 21 Aug '07,715.56 M,+0.0405 (+5.41%),UP
Wed 22 Aug '07,566.21 M,+0.0180 (+2.28%),UP
Fri 31 Aug '07,720.83 M,+0.0413 (+5.09%),UP
Tue 04 Sep '07,683.29 M,+0.0263 (+3.09%),UP
Wed 26 Sep '07,518.03 M,+0.0212 (+2.37%),UP
Mon 01 Oct '07,398.2 M,+0.0382 (+4.22%),UP
Wed 17 Oct '07,717.84 M,+0.0705 (+7.68%),UP
Thu 18 Oct '07,340.62 M,-0.0008 (-0.08%),UP
Mon 12 Nov '07,715.41 M,-0.0832 (-9.98%),DOWN
Fri 04 Jan '08,736.14 M,-0.0687 (-8.40%),DOWN
Mon 07 Jan '08,1.01 B,-0.0775 (-10.33%),DOWN
Tue 08 Jan '08,1.11 B,+0.0143 (+2.12%),DOWN
Wed 16 Jan '08,1.46 B,-0.0755 (-11.30%),DOWN
Wed 13 Feb '08,742.31 M,+0.0255 (+3.92%),UP
Thu 14 Feb '08,2.18 B,-0.1102 (-16.32%),DOWN
Fri 15 Feb '08,817.36 M,-0.0085 (-1.50%),DOWN
Tue 19 Feb '08,558.88 M,-0.0082 (-1.48%),DOWN
Thu 01 May '08,1.01 B,+0.0237 (+4.62%),UP
Fri 02 May '08,1.13 B,+0.0255 (+4.74%),UP
Thu 15 May '08,1.17 B,+0.0427 (+7.75%),UP
Fri 16 May '08,1.09 B,+0.0157 (+2.65%),UP
Wed 11 Jun '08,999.43 M,-0.0260 (-4.67%),DOWN
Thu 12 Jun '08,825.99 M,+0.0032 (+0.61%),DOWN
Wed 18 Jun '08,1.07 B,-0.0150 (-2.93%),DOWN
Thu 03 Jul '08,2.99 B,-0.1385 (-30.73%),DOWN
Mon 07 Jul '08,2.2 B,-0.0098 (-3.12%),DOWN
Tue 08 Jul '08,1.81 B,-0.0017 (-0.58%),DOWN
Wed 09 Jul '08,1.41 B,-0.0053 (-1.75%),DOWN
Fri 01 Aug '08,881.34 M,-0.0150 (-5.24%),DOWN
Mon 04 Aug '08,522.08 M,-0.0065 (-2.40%),DOWN
Wed 13 Aug '08,2.1 B,+0.0298 (+10.75%),UP
Thu 14 Aug '08,1.64 B,+0.0185 (+6.04%),UP
Fri 15 Aug '08,777.84 M,-0.0010 (-0.31%),UP
Mon 18 Aug '08,894.31 M,+0.0065 (+2.01%),UP
Tue 19 Aug '08,1.01 B,+0.0050 (+1.51%),UP
Wed 20 Aug '08,1.14 B,+0.0165 (+4.92%),UP
Thu 11 Sep '08,1.07 B,-0.0130 (-4.81%),DOWN
Mon 15 Sep '08,864.04 M,-0.0222 (-8.73%),DOWN
Mon 06 Oct '08,1.68 B,-0.0295 (-13.07%),DOWN
Tue 07 Oct '08,1.06 B,-0.0153 (-7.77%),DOWN
Wed 08 Oct '08,1.22 B,+0.0038 (+2.07%),DOWN
Thu 09 Oct '08,909.9 M,-0.0118 (-6.36%),DOWN
Thu 20 Nov '08,847.14 M,-0.0083 (-5.30%),DOWN
Wed 10 Dec '08,961.17 M,+0.0185 (+9.48%),UP
Wed 17 Dec '08,674.58 M,+0.0110 (+4.95%),UP
Thu 05 Feb '09,919.45 M,+0.0160 (+7.34%),UP
Fri 06 Feb '09,1.16 B,+0.0127 (+5.45%),UP
Mon 09 Feb '09,716.17 M,-0.0033 (-1.32%),UP
Wed 11 Mar '09,865.21 M,+0.0063 (+2.76%),UP
Thu 12 Mar '09,1.6 B,+0.0137 (+5.91%),UP
Fri 13 Mar '09,1.2 B,-0.0013 (-0.51%),UP
Fri 03 Apr '09,1 B,+0.0185 (+6.99%),UP
Mon 06 Apr '09,887.49 M,+0.0008 (+0.27%),UP
Thu 09 Apr '09,904.42 M,+0.0157 (+5.52%),UP
Mon 04 May '09,927.79 M,+0.0157 (+5.40%),UP
Fri 08 May '09,2.93 B,-0.0370 (-13.79%),DOWN
Mon 11 May '09,1.04 B,+0.0045 (+1.95%),DOWN
Tue 12 May '09,1.2 B,-0.0112 (-4.77%),DOWN
Wed 13 May '09,1.31 B,-0.0145 (-6.46%),DOWN
Tue 07 Jul '09,1.07 B,-0.0115 (-4.36%),DOWN
Wed 08 Jul '09,1.21 B,+0.0005 (+0.20%),DOWN
Fri 17 Jul '09,850.39 M,+0.0085 (+2.90%),UP
Thu 23 Jul '09,1.05 B,+0.0182 (+5.95%),UP
Fri 21 Aug '09,607.43 M,+0.0057 (+1.68%),UP
Fri 28 Aug '09,883.99 M,+0.0180 (+5.14%),UP
Mon 31 Aug '09,431.79 M,-0.0053 (-1.43%),UP
Fri 04 Sep '09,513.08 M,+0.0135 (+3.71%),UP
Tue 08 Sep '09,549.73 M,+0.0105 (+2.78%),UP
Wed 09 Sep '09,571.7 M,+0.0108 (+2.77%),UP
Thu 10 Sep '09,608 M,+0.0127 (+3.20%),UP
Tue 27 Oct '09,591.84 M,-0.0110 (-3.39%),DOWN
Wed 28 Oct '09,773.73 M,-0.0130 (-4.15%),DOWN
Fri 30 Oct '09,604.14 M,-0.0147 (-4.70%),DOWN
Fri 04 Dec '09,824.57 M,+0.0107 (+3.11%),UP
Mon 07 Dec '09,2.73 B,+0.0458 (+12.83%),UP
Tue 08 Dec '09,1.08 B,-0.0195 (-4.85%),UP
Wed 09 Dec '09,671.71 M,+0.0095 (+2.48%),UP
Wed 16 Dec '09,1.68 B,+0.0315 (+8.05%),UP
Fri 22 Jan '10,1.07 B,-0.0147 (-3.46%),DOWN
Tue 26 Jan '10,714.69 M,-0.0132 (-3.17%),DOWN
Fri 29 Jan '10,774.71 M,-0.0175 (-4.35%),DOWN
Wed 17 Mar '10,651.2 M,+0.0086 (+1.94%),UP
Thu 15 Apr '10,957.77 M,+0.0032 (+0.73%),UP
Wed 21 Apr '10,896.24 M,-0.0110 (-2.58%),DOWN
Tue 27 Apr '10,606.71 M,-0.0118 (-2.83%),DOWN
Fri 30 Apr '10,1.07 B,-0.0235 (-5.65%),DOWN
Mon 03 May '10,1.08 B,-0.0042 (-1.08%),DOWN
Tue 04 May '10,1.31 B,-0.0197 (-5.08%),DOWN
Wed 05 May '10,1.33 B,-0.0063 (-1.69%),DOWN
Thu 06 May '10,1 B,-0.0075 (-2.07%),DOWN
Fri 07 May '10,1.15 B,-0.0060 (-1.69%),DOWN
Fri 14 May '10,2.49 B,-0.0423 (-11.54%),DOWN
Wed 30 Jun '10,623.17 M,-0.0068 (-2.58%),DOWN
Thu 29 Jul '10,2.66 B,-0.0250 (-9.87%),DOWN
Fri 30 Jul '10,984.68 M,+0.0015 (+0.66%),DOWN
Mon 02 Aug '10,917.06 M,-0.0003 (-0.11%),DOWN
Tue 03 Aug '10,955.44 M,-0.0060 (-2.61%),DOWN
Mon 13 Sep '10,1.02 B,+0.0143 (+5.66%),UP
Tue 21 Sep '10,1.78 B,+0.0145 (+5.42%),UP
Wed 22 Sep '10,1 B,+0.0025 (+0.89%),UP
Thu 23 Sep '10,1.24 B,+0.0057 (+2.02%),UP
Fri 24 Sep '10,1.09 B,+0.0160 (+5.51%),UP
Fri 12 Nov '10,2.14 B,+0.0162 (+5.15%),UP
Fri 19 Nov '10,716.61 M,+0.0108 (+3.24%),UP
Mon 22 Nov '10,462.67 M,+0.0002 (+0.06%),UP
Fri 03 Dec '10,606.11 M,+0.0103 (+2.85%),UP
Fri 31 Dec '10,391.3 M,+0.0102 (+2.74%),UP
Mon 03 Jan '11,817.51 M,+0.0105 (+2.73%),UP
Tue 04 Jan '11,651.42 M,-0.0013 (-0.32%),UP
Wed 05 Jan '11,1.43 B,+0.0303 (+7.67%),UP
Thu 06 Jan '11,3.49 B,+0.0588 (+13.84%),UP
Fri 07 Jan '11,2.58 B,+0.0135 (+2.79%),UP
Mon 10 Jan '11,1.75 B,+0.0190 (+3.83%),UP
Tue 11 Jan '11,2.71 B,-0.0080 (-1.56%),UP
Wed 12 Jan '11,3.43 B,+0.0761 (+14.98%),UP
Thu 13 Jan '11,2.7 B,+0.0009 (+0.16%),UP
Wed 02 Mar '11,1.72 B,-0.0225 (-4.16%),DOWN
Thu 10 Mar '11,1.72 B,-0.0305 (-6.37%),DOWN
Fri 29 Apr '11,835.87 M,+0.0123 (+2.51%),UP
Thu 12 May '11,1.22 B,+0.0157 (+3.17%),UP
Fri 17 Jun '11,1.47 B,-0.0096 (-2.38%),DOWN
Tue 12 Jul '11,867.64 M,-0.0050 (-1.34%),DOWN
Wed 13 Jul '11,634.37 M,-0.0008 (-0.20%),DOWN
Thu 14 Jul '11,1.09 B,-0.0145 (-3.96%),DOWN
Fri 15 Jul '11,827.78 M,+0.0005 (+0.14%),DOWN
Mon 18 Jul '11,818.22 M,-0.0076 (-2.16%),DOWN
Fri 05 Aug '11,1.27 B,-0.0113 (-3.36%),DOWN
Mon 08 Aug '11,1.08 B,-0.0255 (-7.88%),DOWN
Wed 07 Sep '11,1.61 B,+0.0267 (+8.12%),UP
Wed 14 Sep '11,1.55 B,+0.0187 (+5.16%),UP
Thu 15 Sep '11,752.91 M,+0.0054 (+1.41%),UP
Mon 03 Oct '11,950.05 M,-0.0175 (-5.60%),DOWN
Wed 30 Nov '11,730.36 M,+0.0180 (+4.83%),UP
Thu 01 Dec '11,529.88 M,+0.0048 (+1.22%),UP
Tue 24 Jan '12,730.92 M,+0.0082 (+2.26%),UP
Thu 02 Feb '12,696.46 M,+0.0139 (+3.72%),UP
Fri 03 Feb '12,495.55 M,+0.0084 (+2.16%),UP
Wed 08 Feb '12,847.65 M,+0.0142 (+3.62%),UP
Mon 05 Mar '12,515.11 M,-0.0130 (-3.38%),DOWN
Tue 06 Mar '12,471.43 M,-0.0035 (-0.94%),DOWN
Fri 30 Mar '12,527.28 M,+0.0041 (+1.08%),UP
Fri 20 Apr '12,509.64 M,-0.0066 (-1.94%),DOWN
Tue 24 Apr '12,730.44 M,-0.0102 (-3.10%),DOWN
Fri 18 May '12,567.34 M,-0.0142 (-4.51%),DOWN
Mon 04 Jun '12,432.97 M,-0.0062 (-2.09%),DOWN
Tue 19 Jun '12,960.56 M,+0.0209 (+6.73%),UP
Wed 20 Jun '12,972.89 M,+0.0054 (+1.62%),UP
Fri 29 Jun '12,616.59 M,+0.0145 (+4.38%),UP
Mon 06 Aug '12,360.47 M,+0.0072 (+2.11%),UP
Tue 07 Aug '12,407.42 M,+0.0035 (+1.00%),UP
Thu 09 Aug '12,822.3 M,+0.0120 (+3.37%),UP
Tue 04 Sep '12,694.49 M,-0.0189 (-5.38%),DOWN
Wed 05 Sep '12,480.25 M,+0.0011 (+0.34%),DOWN
Tue 09 Oct '12,366.38 M,-0.0070 (-2.13%),DOWN
Wed 10 Oct '12,326.57 M,-0.0055 (-1.71%),DOWN
Fri 19 Oct '12,709.77 M,-0.0189 (-5.87%),DOWN
Mon 22 Oct '12,480.86 M,-0.0034 (-1.12%),DOWN
Tue 11 Dec '12,816.74 M,+0.0072 (+2.35%),UP
Fri 04 Jan '13,525.06 M,+0.0105 (+3.30%),UP
Thu 14 Feb '13,882.05 M,+0.0090 (+2.91%),UP
Fri 15 Feb '13,733.87 M,+0.0000 (+0.01%),UP
Tue 02 Apr '13,371.53 M,-0.0034 (-1.09%),DOWN
Wed 03 Apr '13,353.15 M,-0.0037 (-1.21%),DOWN
Fri 12 Apr '13,770.57 M,+0.0080 (+2.51%),UP
Wed 24 Apr '13,556.59 M,+0.0110 (+3.41%),UP
Thu 25 Apr '13,353.23 M,+0.0027 (+0.82%),UP
Tue 30 Apr '13,276.72 M,+0.0050 (+1.47%),UP
Fri 10 May '13,861.26 M,+0.0157 (+4.53%),UP
Wed 19 Jun '13,1.16 B,+0.0110 (+3.06%),UP
Wed 14 Aug '13,828.8 M,+0.0152 (+4.23%),UP
Thu 15 Aug '13,723.62 M,+0.0024 (+0.63%),UP
Fri 16 Aug '13,660.45 M,+0.0016 (+0.42%),UP
Tue 10 Sep '13,292.24 M,+0.0081 (+2.15%),UP
Wed 11 Sep '13,396.17 M,+0.0065 (+1.68%),UP
Thu 12 Sep '13,303.82 M,-0.0002 (-0.06%),UP
Fri 13 Sep '13,159.7 M,+0.0025 (+0.64%),UP
Wed 09 Oct '13,275.86 M,-0.0060 (-1.55%),DOWN
Mon 04 Nov '13,410.28 M,-0.0109 (-2.85%),DOWN
Tue 05 Nov '13,422.38 M,-0.0005 (-0.13%),DOWN
Thu 07 Nov '13,553.08 M,-0.0089 (-2.38%),DOWN
Wed 12 Feb '14,745.63 M,+0.0145 (+3.57%),UP
Thu 13 Feb '14,902.9 M,+0.0132 (+3.15%),UP
Fri 14 Feb '14,817.7 M,+0.0137 (+3.17%),UP
Tue 18 Feb '14,429.1 M,-0.0002 (-0.06%),UP
Wed 19 Feb '14,450.46 M,+0.0060 (+1.34%),UP
Thu 20 Feb '14,398.09 M,+0.0160 (+3.53%),UP
Wed 28 May '14,224.71 M,+0.0040 (+0.85%),UP
Tue 24 Jun '14,275.78 M,-0.0072 (-1.55%),DOWN
Fri 25 Jul '14,266.13 M,-0.0080 (-1.77%),DOWN
Fri 05 Sep '14,253.8 M,-0.0015 (-0.30%),UP
Thu 25 Sep '14,298.44 M,-0.0102 (-2.17%),DOWN
Fri 10 Oct '14,691.38 M,-0.0266 (-5.95%),DOWN
Mon 13 Oct '14,397.63 M,-0.0015 (-0.36%),DOWN
Fri 31 Oct '14,256.33 M,+0.0212 (+4.55%),UP
Mon 03 Nov '14,308.79 M,+0.0083 (+1.69%),UP
Tue 04 Nov '14,360.2 M,+0.0065 (+1.31%),UP
Fri 28 Nov '14,124.83 M,+0.0014 (+0.26%),UP
Tue 16 Dec '14,185.31 M,-0.0056 (-1.15%),DOWN
Tue 06 Jan '15,197.76 M,-0.0150 (-3.03%),DOWN
Thu 12 Feb '15,676.9 M,+0.0373 (+7.16%),UP
Fri 13 Feb '15,310.09 M,+0.0002 (+0.04%),UP
Tue 17 Feb '15,203.34 M,+0.0016 (+0.29%),UP
Tue 17 Mar '15,299.94 M,+0.0070 (+1.22%),UP
Fri 20 Mar '15,462.08 M,+0.0064 (+1.10%),UP
Wed 25 Mar '15,542.55 M,-0.0340 (-6.07%),DOWN
Thu 26 Mar '15,311.92 M,-0.0019 (-0.36%),DOWN
Fri 08 May '15,1.15 B,-0.0416 (-7.40%),DOWN
Mon 11 May '15,544.15 M,-0.0049 (-0.94%),DOWN
Tue 12 May '15,388.8 M,+0.0050 (+0.97%),DOWN
Mon 29 Jun '15,391.72 M,-0.0155 (-2.99%),DOWN
Tue 30 Jun '15,315.91 M,-0.0002 (-0.05%),DOWN
Wed 05 Aug '15,234.63 M,+0.0052 (+1.03%),UP
Fri 07 Aug '15,1.41 B,+0.0633 (+12.37%),UP
Mon 10 Aug '15,662.31 M,+0.0200 (+3.48%),UP
Tue 11 Aug '15,435.01 M,-0.0030 (-0.50%),UP
Wed 12 Aug '15,384.08 M,+0.0015 (+0.25%),UP
Wed 30 Sep '15,556.38 M,+0.0235 (+3.96%),UP
Fri 02 Oct '15,386.15 M,+0.0158 (+2.61%),UP
Mon 05 Oct '15,482.02 M,+0.0155 (+2.50%),UP
Tue 06 Oct '15,454.42 M,+0.0083 (+1.30%),UP
Wed 07 Oct '15,310.15 M,+0.0067 (+1.05%),UP
Thu 08 Oct '15,460.07 M,+0.0038 (+0.58%),UP
Fri 06 Nov '15,1.17 B,+0.0960 (+13.86%),UP
Mon 09 Nov '15,492.57 M,-0.0035 (-0.44%),UP
Fri 04 Dec '15,458.76 M,+0.0330 (+4.07%),UP
Wed 06 Jan '16,449.34 M,-0.0340 (-4.13%),DOWN
Thu 07 Jan '16,645.3 M,-0.0313 (-3.96%),DOWN
Fri 08 Jan '16,398.47 M,-0.0162 (-2.15%),DOWN
Mon 11 Jan '16,409.4 M,+0.0012 (+0.17%),DOWN
Wed 13 Jan '16,481.67 M,-0.0230 (-3.05%),DOWN
Thu 14 Jan '16,600.23 M,-0.0148 (-2.02%),DOWN
Fri 15 Jan '16,841.45 M,-0.0390 (-5.44%),DOWN
Fri 05 Feb '16,600.43 M,-0.0445 (-6.31%),DOWN
Mon 08 Feb '16,608.85 M,-0.0303 (-4.58%),DOWN
Tue 09 Feb '16,425.37 M,+0.0068 (+1.07%),DOWN
Mon 22 Feb '16,449.67 M,+0.0270 (+3.55%),UP
Fri 18 Mar '16,545.51 M,+0.0247 (+3.02%),UP
Mon 21 Mar '16,337.78 M,+0.0025 (+0.30%),UP
Wed 23 Mar '16,429.01 M,+0.0145 (+1.71%),UP
Tue 29 Mar '16,261.81 M,+0.0140 (+1.61%),UP
Wed 30 Mar '16,376.7 M,+0.0092 (+1.05%),UP
Wed 04 May '16,525.76 M,-0.0202 (-2.28%),DOWN
Fri 13 May '16,2.11 B,+0.1352 (+15.21%),UP
Mon 16 May '16,973.03 M,+0.03 (+2.95%),UP
Tue 17 May '16,628.39 M,+0.00 (+0.21%),UP
Wed 18 May '16,541.07 M,+0.03 (+2.55%),UP
Thu 23 Jun '16,297.88 M,+0.03 (+2.67%),UP
Fri 08 Jul '16,481.93 M,+0.05 (+4.01%),UP
Mon 11 Jul '16,448.78 M,+0.03 (+2.30%),UP
Tue 12 Jul '16,436.76 M,+0.02 (+1.50%),UP
Wed 13 Jul '16,324.61 M,-0.00 (-0.04%),UP
Fri 12 Aug '16,1.43 B,+0.08 (+5.59%),UP
Mon 15 Aug '16,573.3 M,-0.00 (-0.10%),UP
Fri 09 Sep '16,697.76 M,-0.08 (-4.98%),DOWN
Mon 24 Oct '16,339.84 M,+0.08 (+4.69%),UP
Tue 25 Oct '16,397.46 M,+0.03 (+1.64%),UP
Wed 26 Oct '16,333.79 M,+0.01 (+0.40%),UP
Fri 11 Nov '16,2.18 B,+0.51 (+29.81%),UP
Mon 14 Nov '16,1.35 B,-0.11 (-4.92%),UP
Tue 15 Nov '16,626.09 M,+0.06 (+3.05%),UP
Wed 16 Nov '16,987.99 M,+0.14 (+6.31%),UP
Thu 17 Nov '16,832.99 M,+0.02 (+0.83%),UP
Thu 15 Dec '16,746.55 M,+0.06 (+2.34%),UP
Fri 16 Dec '16,1.09 B,+0.04 (+1.72%),UP
Mon 19 Dec '16,744.66 M,+0.03 (+1.22%),UP
Tue 20 Dec '16,848.06 M,+0.09 (+3.48%),UP
Wed 21 Dec '16,576.13 M,+0.02 (+0.63%),UP
Thu 22 Dec '16,718.61 M,+0.03 (+1.21%),UP
Fri 23 Dec '16,647.69 M,+0.07 (+2.49%),UP
Tue 27 Dec '16,1.19 B,+0.19 (+6.87%),UP
Wed 01 Feb '17,590 M,+0.12 (+4.37%),UP
Thu 02 Feb '17,483.24 M,+0.04 (+1.26%),UP
Mon 06 Feb '17,506.77 M,+0.07 (+2.56%),UP
Tue 07 Feb '17,746.22 M,+0.05 (+1.55%),UP
Thu 23 Feb '17,1.59 B,-0.26 (-9.27%),DOWN
Mon 10 Apr '17,756.33 M,-0.06 (-2.55%),DOWN
Wed 10 May '17,2.13 B,+0.46 (+17.83%),UP
Thu 11 May '17,1.94 B,+0.13 (+4.30%),UP
Fri 12 May '17,962.62 M,+0.03 (+1.10%),UP
Mon 15 May '17,1.09 B,+0.16 (+5.02%),UP
Tue 16 May '17,1.12 B,+0.06 (+1.86%),UP
Thu 08 Jun '17,1.16 B,+0.27 (+7.26%),UP
Mon 03 Jul '17,709.07 M,-0.13 (-3.62%),DOWN
Mon 07 Aug '17,717.41 M,+0.13 (+3.07%),UP
Fri 11 Aug '17,1.5 B,-0.22 (-5.33%),DOWN
Fri 15 Sep '17,1.36 B,+0.27 (+6.32%),UP
Mon 18 Sep '17,1.68 B,+0.19 (+4.13%),UP
Tue 19 Sep '17,874.28 M,-0.00 (-0.11%),UP
Mon 16 Oct '17,576.64 M,+0.08 (+1.72%),UP
Fri 10 Nov '17,1.25 B,+0.27 (+5.27%),UP
Wed 29 Nov '17,1.4 B,-0.36 (-6.78%),DOWN
Fri 01 Dec '17,811.55 M,-0.08 (-1.51%),DOWN
Mon 04 Dec '17,1.24 B,-0.28 (-5.57%),DOWN
Tue 05 Dec '17,981.49 M,+0.03 (+0.58%),DOWN
Wed 03 Jan '18,914.7 M,+0.33 (+6.58%),UP
Thu 04 Jan '18,583.27 M,+0.03 (+0.53%),UP
Fri 05 Jan '18,580.12 M,+0.05 (+0.85%),UP
Mon 08 Jan '18,881.22 M,+0.17 (+3.06%),UP
Tue 09 Jan '18,497 M,-0.00 (-0.03%),UP
Tue 27 Mar '18,1.41 B,-0.47 (-7.76%),DOWN
Wed 28 Mar '18,945.91 M,-0.10 (-1.85%),DOWN
Mon 02 Apr '18,922.09 M,-0.26 (-4.55%),DOWN
Mon 07 May '18,687.62 M,+0.24 (+4.02%),UP
Tue 08 May '18,506.61 M,+0.04 (+0.69%),UP
Wed 09 May '18,596.76 M,+0.13 (+2.15%),UP
Thu 10 May '18,994.08 M,+0.11 (+1.70%),UP
Mon 04 Jun '18,642.03 M,+0.18 (+2.81%),UP
Tue 05 Jun '18,391.71 M,+0.01 (+0.08%),UP
Mon 25 Jun '18,665.82 M,-0.30 (-4.71%),DOWN
Tue 26 Jun '18,478.89 M,+0.07 (+1.20%),DOWN
Wed 27 Jun '18,453.89 M,-0.16 (-2.59%),DOWN
Wed 08 Aug '18,262.1 M,+0.04 (+0.57%),UP
Tue 14 Aug '18,466.22 M,+0.13 (+2.07%),UP
Thu 23 Aug '18,720.68 M,+0.10 (+1.53%),UP
Fri 24 Aug '18,531.51 M,+0.13 (+2.02%),UP
Mon 27 Aug '18,505.78 M,+0.09 (+1.35%),UP
Wed 29 Aug '18,420.11 M,+0.10 (+1.50%),UP
Fri 21 Sep '18,435.13 M,-0.07 (-1.06%),DOWN
Mon 01 Oct '18,622.06 M,+0.21 (+2.97%),UP
Tue 02 Oct '18,383.96 M,-0.07 (-1.00%),UP
Wed 10 Oct '18,684.94 M,-0.50 (-7.48%),DOWN
Thu 11 Oct '18,725.44 M,-0.26 (-4.30%),DOWN
Mon 15 Oct '18,449.76 M,-0.28 (-4.53%),DOWN
Wed 24 Oct '18,884.29 M,-0.54 (-9.79%),DOWN
Fri 16 Nov '18,1.96 B,-0.95 (-18.76%),DOWN
Mon 19 Nov '18,1.7 B,-0.49 (-12.00%),DOWN
Tue 20 Nov '18,1.69 B,+0.11 (+3.03%),DOWN
Wed 21 Nov '18,1.03 B,-0.11 (-2.93%),DOWN
Fri 21 Dec '18,863.74 M,-0.14 (-4.09%),DOWN
Mon 24 Dec '18,463.84 M,-0.06 (-1.92%),DOWN
Wed 13 Mar '19,768.9 M,+0.15 (+3.75%),UP
Fri 15 Mar '19,661.46 M,+0.11 (+2.57%),UP
Tue 19 Mar '19,854.97 M,+0.17 (+4.00%),UP
Thu 21 Mar '19,824.31 M,+0.24 (+5.47%),UP
Fri 26 Apr '19,868.99 M,-0.22 (-4.72%),DOWN
Mon 29 Apr '19,391.92 M,+0.03 (+0.70%),DOWN
Tue 07 May '19,555.22 M,-0.17 (-3.75%),DOWN
Thu 09 May '19,660.25 M,-0.09 (-2.14%),DOWN
Fri 10 May '19,569.5 M,-0.03 (-0.80%),DOWN
Mon 13 May '19,656.91 M,-0.26 (-6.14%),DOWN
Thu 27 Jun '19,445.44 M,+0.10 (+2.49%),UP
Fri 28 Jun '19,397.67 M,+0.02 (+0.61%),UP
Mon 01 Jul '19,711.53 M,+0.05 (+1.18%),UP
Wed 24 Jul '19,366.24 M,+0.08 (+1.71%),UP
Mon 05 Aug '19,589.16 M,-0.26 (-6.45%),DOWN
Tue 06 Aug '19,361.27 M,+0.04 (+1.03%),DOWN
Thu 05 Sep '19,696.49 M,+0.27 (+6.51%),UP
Tue 15 Oct '19,667.99 M,+0.25 (+5.28%),UP
Wed 16 Oct '19,432.75 M,-0.05 (-1.10%),UP
Mon 25 Nov '19,507.35 M,+0.26 (+4.89%),UP
Thu 12 Dec '19,406.08 M,+0.17 (+3.10%),UP
Tue 17 Dec '19,323.26 M,+0.08 (+1.39%),UP
Thu 19 Dec '19,453.11 M,+0.15 (+2.59%),UP
Fri 20 Dec '19,603.38 M,+0.10 (+1.66%),UP
Mon 13 Jan '20,320.34 M,+0.19 (+3.14%),UP
Mon 10 Feb '20,529.61 M,+0.28 (+4.52%),UP
Tue 11 Feb '20,638.56 M,+0.12 (+1.87%),UP
Wed 12 Feb '20,374.64 M,+0.12 (+1.74%),UP
Fri 14 Feb '20,1.04 B,+0.48 (+7.02%),UP
Tue 18 Feb '20,621.88 M,+0.17 (+2.34%),UP
Wed 19 Feb '20,694.33 M,+0.45 (+6.11%),UP
Thu 20 Feb '20,810.05 M,-0.15 (-1.91%),UP
Thu 12 Mar '20,816.54 M,-0.75 (-12.24%),DOWN
Mon 16 Mar '20,726.97 M,-1.11 (-18.45%),DOWN
Fri 08 May '20,339.91 M,+0.19 (+2.50%),UP
Mon 11 May '20,469.06 M,+0.25 (+3.24%),UP
Fri 15 May '20,987.66 M,+0.46 (+5.73%),UP
Mon 18 May '20,776.4 M,+0.26 (+3.06%),UP
Tue 19 May '20,717.32 M,+0.06 (+0.63%),UP
Wed 20 May '20,587.54 M,+0.16 (+1.87%),UP
Mon 22 Jun '20,398.47 M,+0.27 (+2.87%),UP
Mon 06 Jul '20,315.89 M,+0.23 (+2.36%),UP
Wed 08 Jul '20,365.48 M,+0.34 (+3.49%),UP
Thu 09 Jul '20,494.55 M,+0.29 (+2.87%),UP
Fri 10 Jul '20,497.67 M,-0.03 (-0.28%),UP
Mon 03 Aug '20,413.02 M,+0.40 (+3.73%),UP
Tue 04 Aug '20,310.34 M,+0.22 (+1.98%),UP
Wed 05 Aug '20,250.5 M,+0.06 (+0.53%),UP
Thu 06 Aug '20,244.32 M,+0.05 (+0.43%),UP
Mon 17 Aug '20,621.3 M,+0.77 (+6.68%),UP
Tue 18 Aug '20,503.45 M,-0.08 (-0.62%),UP
Tue 01 Sep '20,512.47 M,+0.45 (+3.34%),UP
Wed 02 Sep '20,874.01 M,+0.53 (+3.80%),UP
Thu 01 Oct '20,525 M,+0.08 (+0.62%),UP
Wed 28 Oct '20,376.52 M,-0.77 (-5.75%),DOWN
Fri 30 Oct '20,417.4 M,-0.49 (-3.76%),DOWN
Wed 09 Dec '20,401.3 M,-0.42 (-3.14%),DOWN
Wed 06 Jan '21,580.42 M,-0.79 (-5.90%),DOWN
Thu 21 Jan '21,338.34 M,+0.50 (+3.75%),UP
Mon 08 Feb '21,434.62 M,+0.85 (+6.24%),UP
Wed 10 Feb '21,485.35 M,+0.50 (+3.51%),UP
Thu 11 Feb '21,450.83 M,+0.49 (+3.30%),UP
Tue 16 Feb '21,321.96 M,+0.37 (+2.47%),UP
Wed 03 Mar '21,377.59 M,-0.60 (-4.49%),DOWN
Thu 04 Mar '21,573.35 M,-0.43 (-3.39%),DOWN
Mon 08 Mar '21,543.11 M,-0.87 (-6.97%),DOWN
Thu 01 Apr '21,308.27 M,+0.46 (+3.47%),UP
Mon 05 Apr '21,255.67 M,+0.18 (+1.27%),UP
Wed 07 Apr '21,251.28 M,+0.28 (+2.03%),UP
Thu 08 Apr '21,244.41 M,+0.17 (+1.23%),UP
Mon 12 Apr '21,869.32 M,+0.81 (+5.62%),UP
Tue 13 Apr '21,676.21 M,+0.47 (+3.09%),UP
Thu 15 Apr '21,598.48 M,+0.86 (+5.63%),UP
Wed 12 May '21,303.41 M,-0.55 (-3.83%),DOWN
Thu 13 May '21,285.73 M,-0.09 (-0.68%),DOWN
Fri 28 May '21,644.54 M,+0.76 (+4.88%),UP
Wed 02 Jun '21,594.17 M,+0.51 (+3.16%),UP
Fri 04 Jun '21,617.12 M,+0.61 (+3.59%),UP
Mon 28 Jun '21,495.44 M,+0.95 (+5.01%),UP
Fri 20 Aug '21,675.74 M,+1.02 (+5.14%),UP
Mon 23 Aug '21,575.81 M,+1.14 (+5.49%),UP
Tue 24 Aug '21,297.3 M,-0.16 (-0.75%),UP
Wed 25 Aug '21,347.7 M,+0.42 (+1.93%),UP
Fri 27 Aug '21,304.72 M,+0.57 (+2.57%),UP
Mon 20 Sep '21,349.44 M,-0.79 (-3.59%),DOWN
Tue 21 Sep '21,204.69 M,+0.13 (+0.63%),DOWN
Tue 28 Sep '21,343.07 M,-0.96 (-4.44%),DOWN
Wed 29 Sep '21,218.39 M,-0.18 (-0.88%),DOWN
Mon 04 Oct '21,345.63 M,-1.01 (-4.87%),DOWN
Mon 25 Oct '21,230.23 M,+0.44 (+1.94%),UP
Tue 26 Oct '21,485.9 M,+1.55 (+6.70%),UP
Wed 27 Oct '21,245.99 M,-0.27 (-1.08%),UP
Thu 28 Oct '21,234.2 M,+0.49 (+2.00%),UP
Fri 29 Oct '21,292.5 M,+0.63 (+2.51%),UP
Thu 04 Nov '21,1.15 B,+3.20 (+12.04%),UP
Fri 05 Nov '21,851.26 M,-0.05 (-0.16%),UP
Mon 08 Nov '21,503.1 M,+1.05 (+3.54%),UP
Mon 13 Dec '21,598.34 M,-2.04 (-6.75%),DOWN
Wed 19 Jan '22,488.31 M,-0.84 (-3.23%),DOWN
Thu 20 Jan '22,435.18 M,-0.92 (-3.66%),DOWN
Fri 21 Jan '22,718.96 M,-0.78 (-3.21%),DOWN
Tue 25 Jan '22,664.62 M,-1.05 (-4.48%),DOWN
Mon 07 Mar '22,450.82 M,-1.58 (-6.91%),DOWN
Fri 18 Mar '22,730.72 M,+1.69 (+6.81%),UP
Mon 21 Mar '22,591.73 M,+0.28 (+1.06%),UP
Thu 24 Mar '22,877.38 M,+2.52 (+9.82%),UP
Mon 11 Apr '22,575.21 M,-1.20 (-5.20%),DOWN
Tue 12 Apr '22,662.26 M,-0.41 (-1.88%),DOWN
Mon 09 May '22,644.45 M,-1.73 (-9.24%),DOWN
Thu 02 Jun '22,648.66 M,+1.27 (+6.94%),UP
Mon 13 Jun '22,604.15 M,-1.33 (-7.82%),DOWN
Wed 20 Jul '22,760.54 M,+0.81 (+4.80%),UP
Thu 21 Jul '22,557.05 M,+0.24 (+1.36%),UP
Fri 26 Aug '22,769.13 M,-1.65 (-9.23%),DOWN
Mon 29 Aug '22,496.13 M,-0.46 (-2.82%),DOWN
Tue 30 Aug '22,530.18 M,-0.33 (-2.11%),DOWN
Wed 31 Aug '22,573.71 M,-0.37 (-2.42%),DOWN
Thu 01 Sep '22,1.18 B,-1.16 (-7.67%),DOWN
Fri 02 Sep '22,743.16 M,-0.29 (-2.08%),DOWN
Mon 10 Oct '22,698.7 M,-0.41 (-3.36%),DOWN
Fri 28 Oct '22,521.04 M,+0.66 (+4.99%),UP
Thu 10 Nov '22,700.82 M,+1.97 (+14.33%),UP
Fri 11 Nov '22,655.49 M,+0.58 (+3.66%),UP
Mon 14 Nov '22,527.85 M,-0.03 (-0.20%),UP
Tue 15 Nov '22,545.88 M,+0.37 (+2.28%),UP
Tue 13 Dec '22,656.59 M,+0.54 (+3.06%),UP
Tue 27 Dec '22,464.9 M,-1.08 (-7.14%),DOWN
Wed 28 Dec '22,351.07 M,-0.09 (-0.60%),DOWN
Tue 17 Jan '23,511.1 M,+0.80 (+4.75%),UP
Mon 23 Jan '23,655.16 M,+1.35 (+7.59%),UP
Tue 24 Jan '23,496.2 M,+0.07 (+0.38%),UP
Thu 23 Feb '23,1.12 B,+2.91 (+14.02%),UP
Thu 16 Mar '23,584.95 M,+1.31 (+5.42%),UP
Wed 22 Mar '23,797.3 M,+0.27 (+1.03%),UP
Thu 23 Mar '23,564.89 M,+0.72 (+2.73%),UP
Mon 01 May '23,570.33 M,+1.16 (+4.18%),UP
Mon 08 May '23,344.98 M,+0.47 (+1.64%),UP
Wed 17 May '23,432.54 M,+0.96 (+3.30%),UP
Thu 18 May '23,748.73 M,+1.50 (+4.97%),UP
Fri 19 May '23,473.91 M,-0.41 (-1.31%),UP
Thu 25 May '23,1.54 B,+7.44 (+24.37%),UP
Fri 26 May '23,714.4 M,+0.97 (+2.54%),UP
Tue 30 May '23,923.4 M,+1.16 (+2.99%),UP
Thu 13 Jul '23,478.2 M,+2.07 (+4.73%),UP
Fri 14 Jul '23,772.08 M,-0.51 (-1.10%),UP
Mon 17 Jul '23,510.49 M,+0.99 (+2.18%),UP
Tue 18 Jul '23,570.19 M,+1.03 (+2.22%),UP
Wed 09 Aug '23,586.45 M,-2.11 (-4.72%),DOWN
Thu 10 Aug '23,492.71 M,-0.17 (-0.39%),DOWN
Fri 11 Aug '23,533.09 M,-1.53 (-3.62%),DOWN
Tue 29 Aug '23,701.4 M,+1.95 (+4.16%),UP
Wed 20 Sep '23,367.11 M,-1.28 (-2.94%),DOWN
Thu 21 Sep '23,450.74 M,-1.22 (-2.89%),DOWN
Thu 26 Oct '23,541 M,-1.45 (-3.48%),DOWN
Fri 10 Nov '23,422.44 M,+1.38 (+2.95%),UP
Mon 08 Jan '24,642.51 M,+3.16 (+6.43%),UP
Tue 09 Jan '24,773.1 M,+0.89 (+1.70%),UP
Wed 10 Jan '24,533.8 M,+1.21 (+2.28%),UP
Thu 11 Jan '24,596.76 M,+0.47 (+0.87%),UP
Fri 12 Jan '24,352.99 M,-0.11 (-0.20%),UP
Tue 16 Jan '24,449.58 M,+1.67 (+3.06%),UP
Fri 19 Jan '24,543.5 M,+2.38 (+4.17%),UP
Mon 05 Feb '24,680.08 M,+3.17 (+4.79%),UP
Thu 22 Feb '24,865.1 M,+11.07 (+16.40%),UP
Mon 04 Mar '24,615.62 M,+2.96 (+3.60%),UP
Wed 06 Mar '24,582.52 M,+2.74 (+3.18%),UP
Thu 07 Mar '24,608.12 M,+3.97 (+4.47%),UP
Fri 19 Apr '24,875.2 M,-8.47 (-10.00%),DOWN
Thu 23 May '24,835.07 M,+8.85 (+9.32%),UP
Fri 24 May '24,429.49 M,+2.67 (+2.57%),UP
Tue 28 May '24,652.73 M,+7.43 (+6.98%),UP
Wed 29 May '24,557.44 M,+0.92 (+0.81%),UP
Wed 24 Jul '24,327.78 M,-8.34 (-6.80%),DOWN
Thu 25 Jul '24,460.07 M,-1.97 (-1.72%),DOWN
Tue 30 Jul '24,486.83 M,-7.86 (-7.04%),DOWN
Mon 19 Aug '24,318.33 M,+5.42 (+4.35%),UP
Tue 08 Oct '24,285.72 M,+5.17 (+4.05%),UP
Wed 09 Oct '24,246.19 M,-0.24 (-0.18%),UP
Thu 10 Oct '24,242.31 M,+2.16 (+1.63%),UP
Thu 07 Nov '24,207.32 M,+3.27 (+2.25%),UP
Mon 06 Jan '25,265.38 M,+4.96 (+3.43%),UP
Mon 27 Jan '25,818.83 M,-24.20 (-16.97%),DOWN
